{
  "hash": "5dbb7ae2",
  "configHash": "c737f7d3",
  "lockfileHash": "536473d0",
  "browserHash": "4530e1c5",
  "optimized": {
    "@angular/common": {
      "src": "../../../../../../node_modules/@angular/common/fesm2022/common.mjs",
      "file": "@angular_common.js",
      "fileHash": "836c988d",
      "needsInterop": false
    },
    "@angular/common/http": {
      "src": "../../../../../../node_modules/@angular/common/fesm2022/http.mjs",
      "file": "@angular_common_http.js",
      "fileHash": "4a19effd",
      "needsInterop": false
    },
    "@angular/core": {
      "src": "../../../../../../node_modules/@angular/core/fesm2022/core.mjs",
      "file": "@angular_core.js",
      "fileHash": "63765c69",
      "needsInterop": false
    },
    "@angular/forms": {
      "src": "../../../../../../node_modules/@angular/forms/fesm2022/forms.mjs",
      "file": "@angular_forms.js",
      "fileHash": "d94bc952",
      "needsInterop": false
    },
    "@angular/platform-browser": {
      "src": "../../../../../../node_modules/@angular/platform-browser/fesm2022/platform-browser.mjs",
      "file": "@angular_platform-browser.js",
      "fileHash": "d01930bd",
      "needsInterop": false
    },
    "@angular/platform-browser/animations": {
      "src": "../../../../../../node_modules/@angular/platform-browser/fesm2022/animations.mjs",
      "file": "@angular_platform-browser_animations.js",
      "fileHash": "b090dbff",
      "needsInterop": false
    },
    "@angular/router": {
      "src": "../../../../../../node_modules/@angular/router/fesm2022/router.mjs",
      "file": "@angular_router.js",
      "fileHash": "eb79aaa4",
      "needsInterop": false
    },
    "angular-datatables": {
      "src": "../../../../../../node_modules/angular-datatables/fesm2022/angular-datatables.mjs",
      "file": "angular-datatables.js",
      "fileHash": "e9edb8f5",
      "needsInterop": false
    },
    "jspdf": {
      "src": "../../../../../../node_modules/jspdf/dist/jspdf.es.min.js",
      "file": "jspdf.js",
      "fileHash": "7ae386bc",
      "needsInterop": false
    },
    "jspdf-autotable": {
      "src": "../../../../../../node_modules/jspdf-autotable/dist/jspdf.plugin.autotable.js",
      "file": "jspdf-autotable.js",
      "fileHash": "354774ca",
      "needsInterop": true
    },
    "ngx-toastr": {
      "src": "../../../../../../node_modules/ngx-toastr/fesm2022/ngx-toastr.mjs",
      "file": "ngx-toastr.js",
      "fileHash": "5b78bb80",
      "needsInterop": false
    },
    "rxjs": {
      "src": "../../../../../../node_modules/rxjs/dist/esm5/index.js",
      "file": "rxjs.js",
      "fileHash": "7262e5ff",
      "needsInterop": false
    }
  },
  "chunks": {
    "html2canvas.esm-QAYSS437": {
      "file": "html2canvas__esm-QAYSS437.js"
    },
    "purify.es-VUPE7YY7": {
      "file": "purify__es-VUPE7YY7.js"
    },
    "index.es-PFO26YZX": {
      "file": "index__es-PFO26YZX.js"
    },
    "chunk-N2FYRXJS": {
      "file": "chunk-N2FYRXJS.js"
    },
    "chunk-3FFC6VZT": {
      "file": "chunk-3FFC6VZT.js"
    },
    "chunk-ELC3T2FL": {
      "file": "chunk-ELC3T2FL.js"
    },
    "chunk-TYQWYTD3": {
      "file": "chunk-TYQWYTD3.js"
    },
    "chunk-PNGFZJMY": {
      "file": "chunk-PNGFZJMY.js"
    },
    "chunk-LFJJ234J": {
      "file": "chunk-LFJJ234J.js"
    },
    "chunk-UWRE6VLH": {
      "file": "chunk-UWRE6VLH.js"
    },
    "chunk-ZSY7TSMJ": {
      "file": "chunk-ZSY7TSMJ.js"
    },
    "chunk-S35DAJRX": {
      "file": "chunk-S35DAJRX.js"
    }
  }
}