{
  "hash": "2d3ea439",
  "configHash": "c737f7d3",
  "lockfileHash": "e27ab8f3",
  "browserHash": "a5980a4c",
  "optimized": {
    "@angular/common": {
      "src": "../../../../../../node_modules/@angular/common/fesm2022/common.mjs",
      "file": "@angular_common.js",
      "fileHash": "20229848",
      "needsInterop": false
    },
    "@angular/common/http": {
      "src": "../../../../../../node_modules/@angular/common/fesm2022/http.mjs",
      "file": "@angular_common_http.js",
      "fileHash": "a2c9ed50",
      "needsInterop": false
    },
    "@angular/core": {
      "src": "../../../../../../node_modules/@angular/core/fesm2022/core.mjs",
      "file": "@angular_core.js",
      "fileHash": "13ccfe9a",
      "needsInterop": false
    },
    "@angular/forms": {
      "src": "../../../../../../node_modules/@angular/forms/fesm2022/forms.mjs",
      "file": "@angular_forms.js",
      "fileHash": "7365e5a0",
      "needsInterop": false
    },
    "@angular/platform-browser": {
      "src": "../../../../../../node_modules/@angular/platform-browser/fesm2022/platform-browser.mjs",
      "file": "@angular_platform-browser.js",
      "fileHash": "542fcb47",
      "needsInterop": false
    },
    "@angular/platform-browser/animations": {
      "src": "../../../../../../node_modules/@angular/platform-browser/fesm2022/animations.mjs",
      "file": "@angular_platform-browser_animations.js",
      "fileHash": "d6d17aaa",
      "needsInterop": false
    },
    "@angular/router": {
      "src": "../../../../../../node_modules/@angular/router/fesm2022/router.mjs",
      "file": "@angular_router.js",
      "fileHash": "82e018cb",
      "needsInterop": false
    },
    "angular-datatables": {
      "src": "../../../../../../node_modules/angular-datatables/fesm2022/angular-datatables.mjs",
      "file": "angular-datatables.js",
      "fileHash": "935ee4d1",
      "needsInterop": false
    },
    "jspdf": {
      "src": "../../../../../../node_modules/jspdf/dist/jspdf.es.min.js",
      "file": "jspdf.js",
      "fileHash": "79d280b2",
      "needsInterop": false
    },
    "jspdf-autotable": {
      "src": "../../../../../../node_modules/jspdf-autotable/dist/jspdf.plugin.autotable.js",
      "file": "jspdf-autotable.js",
      "fileHash": "f6a7da21",
      "needsInterop": true
    },
    "ngx-toastr": {
      "src": "../../../../../../node_modules/ngx-toastr/fesm2022/ngx-toastr.mjs",
      "file": "ngx-toastr.js",
      "fileHash": "54a5ae5a",
      "needsInterop": false
    },
    "rxjs": {
      "src": "../../../../../../node_modules/rxjs/dist/esm5/index.js",
      "file": "rxjs.js",
      "fileHash": "fc5330cf",
      "needsInterop": false
    }
  },
  "chunks": {
    "chunk-TYQWYTD3": {
      "file": "chunk-TYQWYTD3.js"
    },
    "html2canvas.esm-QAYSS437": {
      "file": "html2canvas__esm-QAYSS437.js"
    },
    "purify.es-VUPE7YY7": {
      "file": "purify__es-VUPE7YY7.js"
    },
    "index.es-PFO26YZX": {
      "file": "index__es-PFO26YZX.js"
    },
    "chunk-PNGFZJMY": {
      "file": "chunk-PNGFZJMY.js"
    },
    "chunk-N2FYRXJS": {
      "file": "chunk-N2FYRXJS.js"
    },
    "chunk-3FFC6VZT": {
      "file": "chunk-3FFC6VZT.js"
    },
    "chunk-ELC3T2FL": {
      "file": "chunk-ELC3T2FL.js"
    },
    "chunk-LFJJ234J": {
      "file": "chunk-LFJJ234J.js"
    },
    "chunk-UWRE6VLH": {
      "file": "chunk-UWRE6VLH.js"
    },
    "chunk-ZSY7TSMJ": {
      "file": "chunk-ZSY7TSMJ.js"
    },
    "chunk-S35DAJRX": {
      "file": "chunk-S35DAJRX.js"
    }
  }
}